INSERT INTO Resumes (id, title, body, payment, skill, created) VALUES ('11e26dd2-eb2f-4f5f-a8a1-d55607e935a1', 'Резюме Java разработчика', 'Опыт работы в Java 5 лет, знание Spring и Hibernate', 70000, ARRAY['Java', 'Spring', 'Hibernate'], '2024-03-24 10:00:00+00');
INSERT INTO Resumes (id, title, body, payment, skill, created) VALUES ('2cc9f844-47b6-4d5e-9508-42be879b7e48', 'Специалист по маркетингу', 'Опыт в digital-маркетинге, знание аналитики и SMM', 80000, ARRAY['Маркетинг', 'Digital', 'SMM'], '2024-03-23 15:30:00+00');
INSERT INTO Resumes (id, title, body, payment, skill, created) VALUES ('ffac35cb-0f19-4d7f-aaba-39bfc9b79967', 'Администратор баз данных', 'Опыт работы с PostgreSQL и MySQL, настройка и оптимизация', 75000, ARRAY['PostgreSQL', 'MySQL', 'Администрирование'], '2024-03-22 09:45:00+00');
INSERT INTO Resumes (id, title, body, payment, skill, created) VALUES ('0ad0147d-8e1b-4bc1-895e-1744aaeb0641', 'Графический дизайнер', 'Опыт в создании логотипов и фирменного стиля, владение Adobe Illustrator', 65000, ARRAY['Дизайн', 'Adobe Illustrator', 'Логотипы'], '2024-03-21 14:20:00+00');
INSERT INTO Resumes (id, title, body, payment, skill, created) VALUES ('92f9b70e-64e4-4cf7-97bb-6e5859d16d49', 'Программист Python', 'Опыт разработки на Python, знание Django и Flask', 72000, ARRAY['Python', 'Django', 'Flask'], '2024-03-20 11:10:00+00');
INSERT INTO Resumes (id, title, body, payment, skill, created) VALUES ('3b848c7d-9b35-470f-9ed1-342485a8bfbf', 'Финансовый аналитик', 'Опыт анализа финансовой отчетности, навыки работы с Excel и Power BI', 78000, ARRAY['Финансы', 'Excel', 'Power BI'], '2024-03-19 13:40:00+00');
INSERT INTO Resumes (id, title, body, payment, skill, created) VALUES ('b0e6f731-4a6d-49c3-b029-23d0b5bfcfd9', 'Системный администратор', 'Опыт в настройке и обслуживании серверов, знание Linux и Windows', 70000, ARRAY['Системное администрирование', 'Linux', 'Windows Server'], '2024-03-18 16:55:00+00');
INSERT INTO Resumes (id, title, body, payment, skill, created) VALUES ('7c3b1d7e-cb9a-41bb-805b-d2d2362f08f9', 'Мобильный разработчик iOS', 'Опыт разработки мобильных приложений под iOS, знание Swift и Objective-C', 75000, ARRAY['iOS', 'Swift', 'Objective-C'], '2024-03-17 09:30:00+00');
INSERT INTO Resumes (id, title, body, payment, skill, created) VALUES ('9414cc60-78d2-40ae-8b34-24c7ff5146d0', 'SEO-специалист', 'Опыт оптимизации сайтов под поисковые системы, знание Google Analytics', 70000, ARRAY['SEO', 'Google Analytics', 'Оптимизация'], '2024-03-16 12:20:00+00');
INSERT INTO Resumes (id, title, body, payment, skill, created) VALUES ('e3a33682-27de-48c7-b01e-0e413e67759c', 'Программист C++', 'Опыт разработки на C++ под Linux, знание STL и Boost', 76000, ARRAY['C++', 'Linux', 'STL'], '2024-03-15 14:50:00+00');

INSERT INTO Users (id, resume_id, email, firstname, secondname, password, created, type) VALUES ('ab4f081d-aa1f-4f85-b5af-d11c17b0c305', '11e26dd2-eb2f-4f5f-a8a1-d55607e935a1', 'user1@example.com', 'Иван', 'Петров', 'password1', '2024-03-24 10:00:00+00', 'l');
INSERT INTO Users (id, resume_id, email, firstname, secondname, password, created, type) VALUES ('cdb23167-5ed5-4741-b4c2-4eb6f4a88386', '2cc9f844-47b6-4d5e-9508-42be879b7e48', 'user2@example.com', 'Анна', 'Иванова', 'password2', '2024-03-23 15:30:00+00', 'l');
INSERT INTO Users (id, resume_id, email, firstname, secondname, password, created, type) VALUES ('ec383025-9269-4d56-8b3f-9de72c736dcb', 'ffac35cb-0f19-4d7f-aaba-39bfc9b79967', 'user3@example.com', 'Павел', 'Сидоров', 'password3', '2024-03-22 09:45:00+00', 'n');
INSERT INTO Users (id, resume_id, email, firstname, secondname, password, created, type) VALUES ('2e8c9fd3-7c0b-4b09-83d8-9d84b24b99fd', '0ad0147d-8e1b-4bc1-895e-1744aaeb0641', 'user4@example.com', 'Елена', 'Ковалева', 'password4', '2024-03-21 14:20:00+00', 'n');
INSERT INTO Users (id, resume_id, email, firstname, secondname, password, created, type) VALUES ('31f2d8f7-29b2-4f42-9c6f-3b7b19e8a839', '92f9b70e-64e4-4cf7-97bb-6e5859d16d49', 'user5@example.com', 'Михаил', 'Смирнов', 'password5', '2024-03-20 11:10:00+00', 'l');
INSERT INTO Users (id, resume_id, email, firstname, secondname, password, created, type) VALUES ('7cbfbab5-95e8-4f7d-b3e5-05f7979a58a4', '3b848c7d-9b35-470f-9ed1-342485a8bfbf', 'user6@example.com', 'Антон', 'Попов', 'password6', '2024-03-19 13:40:00+00', 'n');
INSERT INTO Users (id, resume_id, email, firstname, secondname, password, created, type) VALUES ('23bb3de2-1a5d-4aa3-a4e8-7e9e23efcb68', 'b0e6f731-4a6d-49c3-b029-23d0b5bfcfd9', 'user7@example.com', 'Екатерина', 'Соколова', 'password7', '2024-03-18 16:55:00+00', 'l');
INSERT INTO Users (id, resume_id, email, firstname, secondname, password, created, type) VALUES ('e49c8d69-4e2e-4989-a163-0d23e45c2ae8', '7c3b1d7e-cb9a-41bb-805b-d2d2362f08f9', 'user8@example.com', 'Денис', 'Петров', 'password8', '2024-03-17 09:30:00+00', 'n');
INSERT INTO Users (id, resume_id, email, firstname, secondname, password, created, type) VALUES ('cd63ab1b-ebc5-48fd-93a9-02a7d0ff2287', '9414cc60-78d2-40ae-8b34-24c7ff5146d0', 'user9@example.com', 'Ольга', 'Иванова', 'password9', '2024-03-16 12:20:00+00', 'l');
INSERT INTO Users (id, resume_id, email, firstname, secondname, password, created, type) VALUES ('715d1ee4-29b5-4b23-bb4e-ff6fc593a6f4', 'e3a33682-27de-48c7-b01e-0e413e67759c', 'user10@example.com', 'Артем', 'Смирнов', 'password10', '2024-03-15 14:50:00+00', 'n');

INSERT INTO Vacancies (id, user_id, title, body, payment, skill, created) VALUES ('2a7c4f54-1d07-4e8f-927d-5247a6f7f1d5', 'ab4f081d-aa1f-4f85-b5af-d11c17b0c305', 'Разработчик Python', 'Требуется опытный разработчик Python для создания веб-приложения', 80000, ARRAY['Python', 'Web-разработка'], '2024-03-24 11:00:00+00');
INSERT INTO Vacancies (id, user_id, title, body, payment, skill, created) VALUES ('b2b1b6a4-9d88-4f68-bd1c-415a011e4770', 'cdb23167-5ed5-4741-b4c2-4eb6f4a88386', 'Менеджер по маркетингу', 'Компания ищет менеджера по маркетингу для продвижения продукции', 85000, ARRAY['Маркетинг', 'Продвижение'], '2024-03-23 16:30:00+00');
INSERT INTO Vacancies (id, user_id, title, body, payment, skill, created) VALUES ('d46df125-2eb5-422e-b3ff-4d1841891e0e', 'ec383025-9269-4d56-8b3f-9de72c736dcb', 'Системный администратор', 'Компания ищет системного администратора для обслуживания серверов', 75000, ARRAY['Системное администрирование', 'Серверы'], '2024-03-22 10:45:00+00');
INSERT INTO Vacancies (id, user_id, title, body, payment, skill, created) VALUES ('c363b78c-5f2f-49da-8be2-c4e33e94df38', '2e8c9fd3-7c0b-4b09-83d8-9d84b24b99fd', 'Дизайнер логотипов', 'Требуется дизайнер для создания уникальных логотипов', 70000, ARRAY['Дизайн', 'Логотипы'], '2024-03-21 15:20:00+00');
INSERT INTO Vacancies (id, user_id, title, body, payment, skill, created) VALUES ('fa65bc12-8e90-4d7e-8633-ff6fc593a6f4', '31f2d8f7-29b2-4f42-9c6f-3b7b19e8a839', 'Раб', 'Срочно нужен личный раб', 10000, ARRAY['Работать'], '2024-03-21 15:20:00+00');
INSERT INTO Vacancies (id, user_id, title, body, payment, skill, created) VALUES ('efca4059-8827-4916-b1d8-5e156f4da71b', '31f2d8f7-29b2-4f42-9c6f-3b7b19e8a839', 'Аналитик данных', 'Требуется специалист по анализу данных для работы с большими объемами информации', 78000, ARRAY['Аналитика данных', 'Базы данных'], '2024-03-20 12:10:00+00');
INSERT INTO Vacancies (id, user_id, title, body, payment, skill, created) VALUES ('4b00c201-cdb6-44a6-aa33-96b140d17a10', '7cbfbab5-95e8-4f7d-b3e5-05f7979a58a4', 'Менеджер по IT', 'Компания ищет менеджера по информационным технологиям для координации проектов', 76000, ARRAY['IT-менеджмент', 'Проектное управление'], '2024-03-19 14:50:00+00');
INSERT INTO Vacancies (id, user_id, title, body, payment, skill, created) VALUES ('80f071e3-206a-4936-a3f7-ae51ee4dd6a4', '23bb3de2-1a5d-4aa3-a4e8-7e9e23efcb68', 'Финансовый аналитик', 'Требуется аналитик для финансового анализа деятельности компании', 79000, ARRAY['Финансовая аналитика', 'Отчетность'], '2024-03-18 17:45:00+00');
INSERT INTO Vacancies (id, user_id, title, body, payment, skill, created) VALUES ('84868ef4-b2ed-4c8e-8e7d-68245c0400c9', 'e49c8d69-4e2e-4989-a163-0d23e45c2ae8', 'Разработчик мобильных приложений', 'Компания ищет разработчика мобильных приложений для iOS и Android', 82000, ARRAY['Мобильная разработка', 'iOS', 'Android'], '2024-03-17 10:30:00+00');
INSERT INTO Vacancies (id, user_id, title, body, payment, skill, created) VALUES ('cc4c9064-f562-4e08-96b9-bb6a0e778fa5', 'cd63ab1b-ebc5-48fd-93a9-02a7d0ff2287', 'SEO-специалист', 'Компания ищет специалиста по SEO для продвижения сайта', 75000, ARRAY['SEO', 'Оптимизация'], '2024-03-16 13:20:00+00');

INSERT INTO Responses (id, user_id, vacancy_id, body, created) VALUES ('d58b6e24-bfd2-4950-9600-1dd0572bb6de', 'ab4f081d-aa1f-4f85-b5af-d11c17b0c305', '2a7c4f54-1d07-4e8f-927d-5247a6f7f1d5', 'Готов приступить к работе немедленно', '2024-03-24 11:30:00+00');
INSERT INTO Responses (id, user_id, vacancy_id, body, created) VALUES ('b4cb2b14-ec01-4d7d-b6c5-56f5015e7be2', 'cdb23167-5ed5-4741-b4c2-4eb6f4a88386', 'b2b1b6a4-9d88-4f68-bd1c-415a011e4770', 'Имею опыт работы в сфере маркетинга более 5 лет', '2024-03-23 17:00:00+00');
INSERT INTO Responses (id, user_id, vacancy_id, body, created) VALUES ('4cf4d0d3-4c16-4747-99ed-4859b5bc86fc', 'ec383025-9269-4d56-8b3f-9de72c736dcb', 'd46df125-2eb5-422e-b3ff-4d1841891e0e', 'Знаком с обслуживанием серверов на уровне эксперта', '2024-03-22 11:15:00+00');
INSERT INTO Responses (id, user_id, vacancy_id, body, created) VALUES ('05c0265d-d9b5-4c6a-8136-3b3b160ce6c3', '2e8c9fd3-7c0b-4b09-83d8-9d84b24b99fd', 'c363b78c-5f2f-49da-8be2-c4e33e94df38', 'Могу предложить несколько вариантов логотипов для выбора', '2024-03-21 15:50:00+00');
INSERT INTO Responses (id, user_id, vacancy_id, body, created) VALUES ('f424c3a3-fb6f-45fd-b070-cc97e4e5f617', '31f2d8f7-29b2-4f42-9c6f-3b7b19e8a839', 'efca4059-8827-4916-b1d8-5e156f4da71b', 'Имею опыт работы с большими объемами данных и их анализом', '2024-03-20 12:45:00+00');
INSERT INTO Responses (id, user_id, vacancy_id, body, created) VALUES ('ac217d9e-0278-4795-b39e-6cf747255a06', '7cbfbab5-95e8-4f7d-b3e5-05f7979a58a4', '4b00c201-cdb6-44a6-aa33-96b140d17a10', 'Готов работать', '2024-03-24 11:30:00+00');
INSERT INTO Responses (id, user_id, vacancy_id, body, created) VALUES ('ac217d9e-0278-4795-b39e-6cf747255a06', '7cbfbab5-95e8-4f7d-b3e5-05f7979a58a4', '4b00c201-cdb6-44a6-aa33-96b140d17a10', 'Готов работать', '2024-03-24 11:30:00+00');
INSERT INTO Responses (id, user_id, vacancy_id, body, created) VALUES ('1db46d23-3761-4e3d-896e-af5ef913f37b', '23bb3de2-1a5d-4aa3-a4e8-7e9e23efcb68', '80f071e3-206a-4936-a3f7-ae51ee4dd6a4', 'Готов приступить к разработке мобильных приложений', '2024-03-18 18:00:00+00');
INSERT INTO Responses (id, user_id, vacancy_id, body, created) VALUES ('e4a7c23f-9002-4908-af25-835a04345c0d', 'e49c8d69-4e2e-4989-a163-0d23e45c2ae8', '84868ef4-b2ed-4c8e-8e7d-68245c0400c9', 'Имею опыт продвижения сайтов в топ-10 поисковой выдачи', '2024-03-17 11:00:00+00');
INSERT INTO Responses (id, user_id, vacancy_id, body, created) VALUES ('ffa3aa9d-8a3c-4b4f-bd4d-8b589206fa16', 'cd63ab1b-ebc5-48fd-93a9-02a7d0ff2287', 'cc4c9064-f562-4e08-96b9-bb6a0e778fa5', 'Готов взяться за оптимизацию сайта немедленно', '2024-03-16 13:45:00+00');